Date,HIGH,LOW,OPEN,CLOSE,COUNT,VOLUME
2022-01-18 02:00:00,592.5,588.5,590.0,591.5,381,2969
2022-01-18 03:00:00,592.0,590.75,591.5,591.75,22,112
2022-01-18 04:00:00,591.75,590.0,591.75,590.0,38,287
2022-01-18 05:00:00,590.5,590.25,590.25,590.25,6,10
2022-01-18 06:00:00,590.25,589.5,590.25,589.5,35,81
2022-01-18 07:00:00,590.5,589.5,589.5,590.5,15,306
2022-01-18 08:00:00,590.5,589.5,590.5,590.0,33,103
2022-01-18 09:00:00,589.75,588.5,589.5,588.75,98,971
2022-01-18 10:00:00,589.75,588.25,588.75,588.5,80,292
2022-01-18 11:00:00,590.75,588.75,588.75,590.0,49,388
2022-01-18 12:00:00,591.25,589.75,590.0,590.0,17,102
2022-01-18 13:00:00,590.5,589.25,590.0,589.25,41,278
2022-01-18 14:00:00,589.25,586.75,589.25,588.25,200,2273
2022-01-18 15:00:00,592.25,587.25,588.0,591.75,730,5862
2022-01-18 16:00:00,595.5,591.0,591.5,594.25,818,5091
2022-01-18 17:00:00,594.75,591.0,594.25,592.0,421,2566
2022-01-18 18:00:00,592.0,590.5,592.0,591.25,257,1712
2022-01-18 19:00:00,594.25,591.25,591.25,593.0,334,2355
2022-01-18 20:00:00,597.25,593.0,593.0,596.5,324,4999
2022-01-19 02:00:00,601.5,596.25,596.5,601.25,253,1957
2022-01-19 03:00:00,602.75,600.75,601.25,601.25,68,287
2022-01-19 04:00:00,601.0,600.0,601.0,600.0,17,64
2022-01-19 05:00:00,600.5,600.25,600.25,600.5,13,53
2022-01-19 06:00:00,600.5,600.0,600.5,600.25,14,44
2022-01-19 07:00:00,600.75,600.25,600.25,600.25,7,19
2022-01-19 08:00:00,600.75,600.0,600.25,600.0,33,102
2022-01-19 09:00:00,601.75,599.75,599.75,601.75,56,240
2022-01-19 10:00:00,603.75,601.75,602.0,602.5,170,359
2022-01-19 11:00:00,603.75,602.75,602.75,603.75,43,204
2022-01-19 12:00:00,605.0,602.75,603.5,604.5,83,378
2022-01-19 13:00:00,604.5,600.75,604.25,601.25,177,1102
2022-01-19 14:00:00,602.0,600.25,601.75,601.75,133,607
2022-01-19 15:00:00,604.0,601.75,601.75,603.25,689,7543
2022-01-19 16:00:00,606.0,601.25,603.25,603.75,707,4971
2022-01-19 17:00:00,607.75,601.25,603.75,607.5,827,7122
2022-01-19 18:00:00,610.5,607.0,607.5,608.0,705,6087
2022-01-19 19:00:00,609.0,606.5,607.75,607.25,441,4534
2022-01-19 20:00:00,608.0,606.75,607.5,606.75,437,5991
2022-01-20 02:00:00,606.5,604.5,606.0,605.5,95,1189
2022-01-20 03:00:00,606.75,605.75,606.25,605.75,36,306
2022-01-20 04:00:00,607.0,606.25,606.5,606.25,12,68
2022-01-20 05:00:00,607.0,606.5,606.75,606.5,13,104
2022-01-20 06:00:00,607.0,606.0,606.5,606.5,13,27
2022-01-20 07:00:00,607.25,606.5,606.5,606.75,6,14
2022-01-20 08:00:00,606.75,606.25,606.75,606.5,19,116
2022-01-20 09:00:00,606.75,605.25,606.25,606.75,28,128
2022-01-20 10:00:00,606.75,605.75,606.75,606.0,28,779
2022-01-20 11:00:00,605.75,604.75,605.75,605.0,13,57
2022-01-20 12:00:00,605.25,604.0,604.5,605.0,15,873
2022-01-20 13:00:00,605.25,603.5,605.25,604.0,54,211
2022-01-20 14:00:00,606.0,603.75,604.0,605.75,85,554
2022-01-20 15:00:00,606.25,602.5,605.75,603.25,582,3448
2022-01-20 16:00:00,608.0,602.75,603.25,607.25,684,5414
2022-01-20 17:00:00,609.75,606.75,607.25,607.75,747,4193
2022-01-20 18:00:00,609.0,603.75,607.75,604.75,368,2087
2022-01-20 19:00:00,605.25,603.5,604.75,605.0,438,2314
2022-01-20 20:00:00,606.75,604.75,605.0,605.5,290,3590
2022-01-21 02:00:00,603.25,600.0,603.25,600.5,302,1381
2022-01-21 03:00:00,601.25,600.0,600.5,600.0,38,523
2022-01-21 04:00:00,603.0,600.75,600.75,601.5,69,1076
2022-01-21 05:00:00,602.25,601.25,601.75,601.5,11,38
2022-01-21 06:00:00,602.5,601.25,601.5,602.5,11,55
2022-01-21 07:00:00,603.0,602.5,602.5,602.5,11,73
2022-01-21 08:00:00,604.0,602.75,602.75,603.5,16,184
2022-01-21 09:00:00,604.0,602.75,604.0,603.75,28,860
2022-01-21 10:00:00,604.25,603.25,603.5,604.0,14,32
2022-01-21 11:00:00,605.25,604.25,604.25,605.25,43,330
2022-01-21 12:00:00,605.5,604.0,605.5,605.0,28,88
2022-01-21 13:00:00,604.0,602.5,604.0,602.75,39,176
2022-01-21 14:00:00,604.75,602.25,602.75,604.0,109,848
2022-01-21 15:00:00,609.0,603.5,604.0,608.75,695,6794
2022-01-21 16:00:00,609.75,601.0,608.75,604.25,1066,12869
2022-01-21 17:00:00,608.0,604.5,605.0,606.0,491,4432
2022-01-21 18:00:00,609.25,605.75,606.0,609.0,362,4473
2022-01-21 19:00:00,610.5,608.5,609.0,609.75,507,3438
2022-01-21 20:00:00,610.5,608.25,610.0,610.5,307,3545
2022-01-24 02:00:00,610.5,608.25,608.5,610.5,297,1562
2022-01-24 03:00:00,611.0,609.75,610.25,610.5,57,312
2022-01-24 04:00:00,610.5,609.75,610.5,610.5,38,265
2022-01-24 05:00:00,610.75,610.5,610.5,610.75,14,71
2022-01-24 06:00:00,610.75,610.25,610.75,610.75,16,228
2022-01-24 07:00:00,611.0,608.25,610.75,608.25,49,138
2022-01-24 08:00:00,608.75,607.25,608.5,607.75,60,222
2022-01-24 09:00:00,608.5,607.0,607.5,607.5,37,266
2022-01-24 10:00:00,608.0,606.5,607.75,607.75,43,399
2022-01-24 11:00:00,608.0,605.5,607.75,606.75,49,163
2022-01-24 12:00:00,607.0,605.25,607.0,606.0,61,221
2022-01-24 13:00:00,606.5,605.25,606.25,606.25,74,685
2022-01-24 14:00:00,606.25,602.75,606.25,603.0,156,784
2022-01-24 15:00:00,606.0,602.25,603.5,603.75,789,5797
2022-01-24 16:00:00,608.0,600.75,603.75,607.0,1143,11418
2022-01-24 17:00:00,606.75,602.75,606.75,604.75,667,5546
2022-01-24 18:00:00,607.0,603.0,604.75,607.0,320,2188
2022-01-24 19:00:00,609.0,607.0,607.25,608.5,442,3966
2022-01-24 20:00:00,611.25,608.25,608.5,611.0,377,3970
2022-01-25 02:00:00,610.0,608.0,608.75,608.5,141,689
2022-01-25 03:00:00,609.25,608.5,608.5,609.25,22,120
2022-01-25 04:00:00,609.25,608.25,609.25,608.5,13,317
2022-01-25 05:00:00,609.0,608.5,608.5,608.75,10,30
2022-01-25 06:00:00,609.5,608.5,608.5,609.5,22,66
2022-01-25 07:00:00,609.75,609.25,609.25,609.75,5,34
2022-01-25 08:00:00,609.5,608.5,609.5,609.5,57,103
2022-01-25 09:00:00,609.5,608.75,609.25,609.25,60,239
2022-01-25 10:00:00,611.0,609.0,609.25,610.75,142,645
2022-01-25 11:00:00,611.25,610.25,611.0,611.25,115,700
2022-01-25 12:00:00,612.25,610.0,611.5,611.5,105,647
2022-01-25 13:00:00,612.0,608.75,611.5,610.75,200,1193
2022-01-25 14:00:00,612.25,610.75,610.75,612.0,71,577
2022-01-25 15:00:00,616.0,610.5,611.5,614.75,971,7618
2022-01-25 16:00:00,618.0,611.5,615.25,616.0,1177,8830
2022-01-25 17:00:00,620.75,615.5,616.0,619.25,978,7025
2022-01-25 18:00:00,620.25,616.25,619.25,617.75,992,11640
2022-01-25 19:00:00,618.0,615.25,618.0,615.75,725,11741
2022-01-25 20:00:00,616.75,613.0,615.75,613.0,475,7327
2022-01-26 02:00:00,613.25,609.75,613.0,610.0,203,1095
2022-01-26 03:00:00,611.75,610.0,610.0,610.5,41,408
2022-01-26 04:00:00,610.75,609.75,610.25,610.5,38,314
2022-01-26 05:00:00,610.75,610.0,610.75,610.5,10,40
2022-01-26 06:00:00,611.5,610.5,610.5,611.5,20,73
2022-01-26 07:00:00,612.5,611.25,611.25,612.0,44,241
2022-01-26 08:00:00,612.25,611.25,612.0,611.75,36,125
2022-01-26 09:00:00,612.75,611.75,611.75,612.75,68,138
2022-01-26 10:00:00,614.75,612.75,612.75,613.5,75,510
2022-01-26 11:00:00,613.5,612.0,613.25,612.5,29,152
2022-01-26 12:00:00,612.5,610.75,612.0,612.5,72,436
2022-01-26 13:00:00,613.5,611.0,612.5,611.0,76,758
2022-01-26 14:00:00,613.25,610.25,611.0,613.0,143,1185
2022-01-26 15:00:00,617.0,612.5,612.75,614.0,890,6691
2022-01-26 16:00:00,614.25,609.75,613.5,610.5,766,4777
2022-01-26 17:00:00,614.25,610.25,610.25,613.0,487,4085
2022-01-26 18:00:00,618.25,613.25,613.25,618.0,644,6056
2022-01-26 19:00:00,619.5,616.5,618.25,618.25,538,4202
2022-01-26 20:00:00,620.0,617.75,618.5,618.75,367,5080
2022-01-27 02:00:00,617.75,616.25,617.75,616.75,136,575
2022-01-27 03:00:00,616.5,615.75,616.5,616.25,27,206
2022-01-27 04:00:00,617.5,615.75,616.0,617.0,39,265
2022-01-27 05:00:00,617.0,616.75,617.0,617.0,4,17
2022-01-27 06:00:00,617.25,616.75,616.75,617.25,3,9
2022-01-27 07:00:00,617.25,616.25,617.0,616.5,10,83
2022-01-27 08:00:00,617.25,615.25,617.0,615.25,89,290
2022-01-27 09:00:00,617.25,615.5,615.75,617.25,67,369
2022-01-27 10:00:00,618.25,616.75,617.25,617.75,44,191
2022-01-27 11:00:00,618.75,617.75,618.25,618.0,30,719
2022-01-27 12:00:00,619.25,617.5,618.25,619.25,78,557
2022-01-27 13:00:00,619.0,616.5,619.0,617.25,94,369
2022-01-27 14:00:00,617.25,614.75,617.25,615.75,327,1526
2022-01-27 15:00:00,618.5,614.25,615.75,615.75,673,4268
2022-01-27 16:00:00,617.5,613.5,615.5,616.25,936,5907
2022-01-27 17:00:00,618.5,615.5,616.5,616.5,563,4733
2022-01-27 18:00:00,617.25,613.75,616.75,616.0,534,4141
2022-01-27 19:00:00,616.5,613.25,616.0,614.25,500,4097
2022-01-27 20:00:00,616.5,613.25,614.0,615.0,362,4985
2022-01-28 02:00:00,617.25,614.0,614.25,617.0,104,562
2022-01-28 03:00:00,617.25,617.0,617.0,617.0,13,377
2022-01-28 04:00:00,617.75,617.0,617.5,617.0,10,44
2022-01-28 05:00:00,617.25,616.75,617.25,617.0,5,11
2022-01-28 06:00:00,617.75,617.0,617.25,617.25,8,20
2022-01-28 07:00:00,617.5,617.25,617.25,617.5,5,16
2022-01-28 08:00:00,617.25,616.5,617.25,617.0,24,51
2022-01-28 09:00:00,617.0,616.0,616.5,616.75,28,116
2022-01-28 10:00:00,618.25,616.5,616.75,618.0,72,746
2022-01-28 11:00:00,619.25,618.0,618.0,618.75,52,694
2022-01-28 12:00:00,619.0,618.0,618.75,619.0,35,171
2022-01-28 13:00:00,618.75,617.25,618.5,617.75,115,1237
2022-01-28 14:00:00,619.25,617.25,617.75,618.75,144,920
2022-01-28 15:00:00,621.0,618.25,618.5,620.75,863,22614
2022-01-28 16:00:00,624.0,620.0,620.75,622.5,1082,6821
2022-01-28 17:00:00,623.75,620.25,622.5,622.5,690,7647
2022-01-28 18:00:00,627.0,621.75,622.5,625.5,918,8845
2022-01-28 19:00:00,626.5,624.5,625.5,625.0,529,4065
2022-01-28 20:00:00,627.0,624.5,625.25,626.25,531,5836
2022-01-31 02:00:00,629.0,624.5,626.0,629.0,316,2261
2022-01-31 03:00:00,632.5,629.0,629.0,632.0,164,1313
2022-01-31 04:00:00,633.25,631.25,632.0,633.25,114,676
2022-01-31 05:00:00,633.75,632.75,633.25,633.0,49,196
2022-01-31 06:00:00,633.25,632.75,633.0,632.75,50,148
2022-01-31 07:00:00,633.0,632.75,632.75,632.75,94,362
2022-01-31 08:00:00,633.5,632.25,632.75,633.5,159,398
2022-01-31 09:00:00,634.25,633.0,633.25,633.25,38,139
2022-01-31 10:00:00,633.5,632.0,633.5,632.25,73,517
2022-01-31 11:00:00,632.5,631.75,632.0,632.5,161,528
2022-01-31 12:00:00,632.5,631.25,632.5,632.0,145,1064
2022-01-31 13:00:00,631.5,630.5,631.5,631.0,217,1900
2022-01-31 14:00:00,631.25,629.75,631.0,630.75,140,768
2022-01-31 15:00:00,630.75,623.25,630.75,624.0,1463,9131
2022-01-31 16:00:00,624.0,618.25,624.0,618.5,1654,11926
2022-01-31 17:00:00,623.5,617.5,618.5,622.75,800,6344
2022-01-31 18:00:00,624.75,619.75,623.0,620.75,852,5784
2022-01-31 19:00:00,621.0,619.5,620.5,620.25,444,3862
2022-01-31 20:00:00,620.75,618.25,620.25,618.5,990,8514
2022-02-01 02:00:00,620.75,618.5,619.25,619.0,114,657
2022-02-01 03:00:00,619.75,618.5,619.0,619.5,20,179
2022-02-01 04:00:00,620.0,619.5,619.75,620.0,14,39
2022-02-01 05:00:00,620.5,620.25,620.25,620.5,4,16
2022-02-01 06:00:00,,,,,-1,3
2022-02-01 07:00:00,620.5,620.0,620.25,620.25,18,42
2022-02-01 08:00:00,621.25,620.25,620.25,621.0,54,123
2022-02-01 09:00:00,622.75,621.0,621.25,622.25,45,184
2022-02-01 10:00:00,622.25,618.75,622.0,619.5,51,396
2022-02-01 11:00:00,620.0,619.25,619.25,620.0,6,33
2022-02-01 12:00:00,621.75,620.5,621.0,620.5,16,197
2022-02-01 13:00:00,621.0,618.5,620.5,619.25,158,457
2022-02-01 14:00:00,624.25,619.5,619.5,623.25,183,981
2022-02-01 15:00:00,627.25,621.25,622.75,624.75,1034,6760
2022-02-01 16:00:00,630.0,623.25,624.75,628.75,1082,7271
2022-02-01 17:00:00,631.0,627.0,629.0,630.5,874,5925
2022-02-01 18:00:00,631.25,627.0,630.75,629.0,865,5239
2022-02-01 19:00:00,629.75,626.75,629.0,628.25,691,4756
2022-02-01 20:00:00,629.0,627.25,628.25,627.75,841,6926
2022-02-02 02:00:00,630.0,627.0,627.0,628.25,138,994
2022-02-02 03:00:00,628.75,628.25,628.25,628.5,11,29
2022-02-02 04:00:00,628.25,627.0,628.25,627.75,23,76
2022-02-02 05:00:00,629.0,629.0,629.0,629.0,6,15
2022-02-02 06:00:00,628.25,628.25,628.25,628.25,1,6
2022-02-02 07:00:00,628.25,628.0,628.25,628.0,4,44
2022-02-02 08:00:00,630.0,627.75,628.75,627.75,45,401
2022-02-02 09:00:00,628.5,627.0,627.25,627.75,82,252
2022-02-02 10:00:00,628.75,627.25,627.25,628.75,29,89
2022-02-02 11:00:00,630.5,628.0,628.0,630.5,20,63
2022-02-02 12:00:00,632.5,629.5,630.25,631.75,198,1187
2022-02-02 13:00:00,632.75,630.75,631.5,632.0,183,1209
2022-02-02 14:00:00,633.75,631.5,632.0,632.5,381,4632
2022-02-02 15:00:00,633.0,626.5,632.5,628.75,1501,11255
2022-02-02 16:00:00,631.75,622.75,628.75,623.25,1171,9622
2022-02-02 17:00:00,623.5,615.75,623.25,617.25,1405,10623
2022-02-02 18:00:00,619.0,612.25,617.25,613.5,1075,9739
2022-02-02 19:00:00,617.5,613.0,613.5,617.25,778,4549
2022-02-02 20:00:00,617.5,615.5,617.0,617.25,318,5330
2022-02-03 02:00:00,618.75,616.75,617.25,618.0,207,1575
2022-02-03 03:00:00,618.25,616.75,618.0,616.75,25,53
2022-02-03 04:00:00,617.25,615.25,617.0,615.25,41,216
2022-02-03 05:00:00,615.5,614.25,615.25,614.75,36,234
2022-02-03 06:00:00,615.0,614.5,614.75,614.5,13,21
2022-02-03 07:00:00,614.75,614.25,614.75,614.25,36,69
2022-02-03 08:00:00,614.75,613.25,614.5,613.5,77,577
2022-02-03 09:00:00,613.75,612.25,613.5,613.0,104,544
2022-02-03 10:00:00,613.0,611.75,612.75,612.5,89,455
2022-02-03 11:00:00,612.75,611.5,612.25,611.5,71,440
2022-02-03 12:00:00,611.5,610.0,611.5,610.5,122,1296
2022-02-03 13:00:00,611.75,610.5,610.75,610.75,133,729
2022-02-03 14:00:00,611.0,610.0,611.0,610.0,125,877
2022-02-03 15:00:00,612.5,606.0,610.0,609.5,1345,15358
2022-02-03 16:00:00,615.25,608.5,610.0,613.75,1484,38722
2022-02-03 17:00:00,614.5,609.75,614.0,609.75,819,6255
2022-02-03 18:00:00,613.0,610.0,610.25,612.25,479,3851
2022-02-03 19:00:00,613.0,611.25,612.5,612.0,340,5304
2022-02-03 20:00:00,613.5,611.25,612.0,613.25,291,5492
2022-02-04 02:00:00,618.75,614.0,615.0,618.75,133,2967
2022-02-04 03:00:00,619.75,618.25,618.5,619.75,50,131
2022-02-04 04:00:00,619.75,618.5,619.75,619.25,40,406
2022-02-04 05:00:00,619.25,618.5,618.75,619.0,19,47
2022-02-04 06:00:00,619.0,617.75,618.75,618.0,16,72
2022-02-04 07:00:00,617.75,616.75,617.75,616.75,39,119
2022-02-04 08:00:00,618.0,616.5,616.5,617.5,70,202
2022-02-04 09:00:00,619.0,617.25,617.5,619.0,53,173
2022-02-04 10:00:00,619.0,617.5,618.75,619.0,49,210
2022-02-04 11:00:00,619.25,617.75,619.0,617.75,19,59
2022-02-04 12:00:00,617.5,615.75,617.5,616.5,78,2145
2022-02-04 13:00:00,616.75,614.75,616.75,615.5,100,491
2022-02-04 14:00:00,615.5,612.5,615.5,613.5,78,595
2022-02-04 15:00:00,617.0,612.0,613.75,613.75,873,9139
2022-02-04 16:00:00,616.5,614.0,614.0,614.75,606,4817
2022-02-04 17:00:00,617.75,612.5,614.75,617.25,553,3329
2022-02-04 18:00:00,618.5,615.5,617.0,615.5,497,3471
2022-02-04 19:00:00,616.5,614.75,615.75,616.25,371,6393
2022-02-04 20:00:00,619.75,615.75,616.25,619.75,398,5012
2022-02-07 02:00:00,627.25,624.0,627.0,624.75,420,6254
2022-02-07 03:00:00,625.25,624.0,624.5,624.5,70,174
2022-02-07 04:00:00,624.5,623.75,624.5,624.0,55,279
2022-02-07 05:00:00,625.25,623.75,624.25,625.25,25,75
2022-02-07 06:00:00,625.25,624.0,625.0,624.25,13,65
2022-02-07 07:00:00,624.25,623.0,624.25,623.0,35,128
2022-02-07 08:00:00,624.25,622.75,623.0,624.25,75,407
2022-02-07 09:00:00,624.75,623.5,624.25,624.25,54,264
2022-02-07 10:00:00,624.5,623.5,624.25,624.5,56,195
2022-02-07 11:00:00,626.0,623.5,623.75,626.0,31,387
2022-02-07 12:00:00,627.0,625.75,626.0,626.25,54,386
2022-02-07 13:00:00,629.75,625.75,626.0,629.75,183,1022
2022-02-07 14:00:00,630.5,627.25,629.5,628.25,286,1471
2022-02-07 15:00:00,629.0,625.25,628.25,627.0,930,5359
2022-02-07 16:00:00,630.0,626.0,626.75,629.0,987,5911
2022-02-07 17:00:00,634.25,628.5,629.0,633.25,964,10042
2022-02-07 18:00:00,633.75,630.0,633.25,630.25,681,4571
2022-02-07 19:00:00,632.0,628.75,630.25,631.75,517,8302
2022-02-07 20:00:00,634.5,630.75,631.5,634.25,609,7731
2022-02-08 02:00:00,634.0,630.5,634.0,631.75,225,2927
2022-02-08 03:00:00,631.75,631.25,631.75,631.25,43,188
2022-02-08 04:00:00,631.5,630.5,631.25,630.75,57,191
2022-02-08 05:00:00,631.25,630.5,630.75,631.25,17,41
2022-02-08 06:00:00,631.75,631.0,631.0,631.75,37,92
2022-02-08 07:00:00,632.0,631.25,631.5,631.25,18,57
2022-02-08 08:00:00,631.75,629.25,631.5,631.25,86,181
2022-02-08 09:00:00,631.75,630.25,631.25,631.25,176,435
2022-02-08 10:00:00,632.5,630.0,631.75,630.0,109,416
2022-02-08 11:00:00,631.0,629.75,630.0,630.5,50,179
2022-02-08 12:00:00,629.75,627.25,629.75,628.0,128,520
2022-02-08 13:00:00,630.5,628.0,628.0,630.5,69,484
2022-02-08 14:00:00,630.75,627.5,630.5,630.0,196,1086
2022-02-08 15:00:00,631.5,629.0,629.5,631.5,619,6872
2022-02-08 16:00:00,632.0,626.75,631.25,627.0,1007,6835
2022-02-08 17:00:00,627.25,625.25,627.0,627.0,549,3544
2022-02-08 18:00:00,627.75,625.5,627.25,627.75,416,4730
2022-02-08 19:00:00,629.0,627.5,628.0,627.75,395,4552
2022-02-08 20:00:00,630.25,627.75,628.0,630.25,425,8213
2022-02-09 02:00:00,631.0,628.5,630.5,629.75,117,2933
2022-02-09 03:00:00,630.5,629.75,629.75,630.5,29,1239
2022-02-09 04:00:00,631.5,630.5,630.5,631.5,59,3772
2022-02-09 05:00:00,631.75,631.0,631.5,631.5,30,674
2022-02-09 06:00:00,632.0,631.0,631.25,631.75,20,98
2022-02-09 07:00:00,632.0,631.5,631.75,631.75,22,517
2022-02-09 08:00:00,632.5,631.25,631.75,632.25,89,359
2022-02-09 09:00:00,632.5,631.5,632.5,632.25,115,1113
2022-02-09 10:00:00,633.0,632.25,632.25,632.75,179,889
2022-02-09 11:00:00,632.5,631.5,632.5,632.0,26,99
2022-02-09 12:00:00,631.75,629.25,631.75,630.75,73,673
2022-02-09 13:00:00,632.0,630.25,630.5,631.25,81,1283
2022-02-09 14:00:00,631.5,629.5,631.5,630.0,198,2095
2022-02-09 15:00:00,633.75,629.5,630.25,632.75,849,9466
2022-02-09 16:00:00,636.0,631.75,632.75,634.0,1073,10381
2022-02-09 17:00:00,634.75,632.5,634.25,634.5,951,7137
2022-02-09 18:00:00,637.0,629.5,634.0,636.75,1288,8712
2022-02-09 19:00:00,639.5,635.25,636.5,639.0,1016,8682
2022-02-09 20:00:00,641.0,638.75,639.0,639.25,596,9070
2022-02-10 02:00:00,640.25,637.5,638.75,640.25,147,1428
2022-02-10 03:00:00,640.75,639.5,640.0,640.5,63,265
2022-02-10 04:00:00,641.0,640.0,640.5,641.0,49,655
2022-02-10 05:00:00,641.75,640.75,641.0,641.5,26,566
2022-02-10 06:00:00,642.25,641.0,641.5,641.0,64,448
2022-02-10 07:00:00,641.0,640.5,640.75,641.0,9,65
2022-02-10 08:00:00,641.25,639.75,641.25,640.75,58,557
2022-02-10 09:00:00,642.25,640.5,640.5,641.25,59,374
2022-02-10 10:00:00,641.5,639.5,641.5,639.75,155,1730
2022-02-10 11:00:00,640.0,638.25,639.75,640.0,147,1541
2022-02-10 12:00:00,640.5,639.0,640.0,640.25,105,1404
2022-02-10 13:00:00,646.25,640.75,640.75,645.75,324,2665
2022-02-10 14:00:00,648.5,642.75,645.75,647.0,524,5972
2022-02-10 15:00:00,652.75,644.25,646.0,651.25,1440,13632
2022-02-10 16:00:00,654.75,649.25,651.25,650.0,1793,11444
2022-02-10 17:00:00,651.75,644.5,650.0,644.5,1460,8993
2022-02-10 18:00:00,646.75,641.0,644.25,642.0,1429,7864
2022-02-10 19:00:00,642.75,631.75,642.0,634.0,1395,10589
2022-02-10 20:00:00,636.0,633.25,633.75,635.0,531,7373
2022-02-11 02:00:00,635.75,631.0,634.25,633.25,313,2066
2022-02-11 03:00:00,635.5,633.0,633.75,635.5,85,291
2022-02-11 04:00:00,635.0,634.5,634.75,634.75,20,39
2022-02-11 05:00:00,635.0,634.5,635.0,634.75,8,19
2022-02-11 06:00:00,635.0,634.25,634.75,634.75,16,76
2022-02-11 07:00:00,634.75,632.5,634.75,632.5,18,50
2022-02-11 08:00:00,634.0,632.5,632.75,633.75,68,599
2022-02-11 09:00:00,636.5,633.75,634.25,635.5,139,642
2022-02-11 10:00:00,638.25,635.5,635.5,638.25,97,476
2022-02-11 11:00:00,640.25,637.75,638.25,639.0,174,467
2022-02-11 12:00:00,641.5,638.5,639.25,638.5,212,1119
2022-02-11 13:00:00,640.75,638.5,638.5,639.0,171,1063
2022-02-11 14:00:00,640.75,637.5,639.0,638.25,291,1358
2022-02-11 15:00:00,643.0,638.25,638.25,641.0,1146,5928
2022-02-11 16:00:00,643.25,637.25,641.0,638.0,975,8479
2022-02-11 17:00:00,640.5,634.75,637.75,637.25,911,5640
2022-02-11 18:00:00,639.25,636.5,637.25,637.75,711,3759
2022-02-11 19:00:00,650.5,637.5,637.75,649.25,1698,10971
2022-02-11 20:00:00,649.75,644.0,649.5,644.0,776,7256
2022-02-14 02:00:00,650.5,644.75,644.75,648.75,311,2154
2022-02-14 03:00:00,649.25,648.25,649.25,648.75,91,611
2022-02-14 04:00:00,650.75,648.75,648.75,650.5,51,265
2022-02-14 05:00:00,650.5,649.75,650.5,649.75,7,16
2022-02-14 06:00:00,649.75,648.5,649.75,648.75,14,61
2022-02-14 07:00:00,649.25,648.5,649.25,648.75,3,17
2022-02-14 08:00:00,649.25,647.75,648.5,648.75,31,95
2022-02-14 09:00:00,648.5,643.5,648.5,643.75,131,548
2022-02-14 10:00:00,644.0,641.75,643.5,643.0,185,647
2022-02-14 11:00:00,645.75,642.75,643.5,645.75,81,297
2022-02-14 12:00:00,646.25,644.25,646.0,644.5,81,267
2022-02-14 13:00:00,644.75,639.25,644.75,639.75,352,1735
2022-02-14 14:00:00,641.5,638.75,640.0,640.75,138,685
2022-02-14 15:00:00,642.5,637.5,641.25,640.5,988,6147
2022-02-14 16:00:00,642.25,637.0,640.5,640.25,1036,7605
2022-02-14 17:00:00,642.5,639.5,640.25,641.5,460,4516
2022-02-14 18:00:00,642.5,640.5,641.5,641.25,280,2244
2022-02-14 19:00:00,647.75,640.25,641.25,647.5,583,5540
2022-02-14 20:00:00,651.0,646.5,647.25,651.0,811,7753
2022-02-15 02:00:00,649.75,647.75,649.5,648.75,189,1019
2022-02-15 03:00:00,649.25,648.0,648.5,648.75,31,157
2022-02-15 04:00:00,648.75,647.5,648.75,647.5,16,64
2022-02-15 05:00:00,647.75,647.25,647.5,647.5,24,153
2022-02-15 06:00:00,648.25,647.0,647.5,647.25,47,270
2022-02-15 07:00:00,647.5,646.5,647.0,647.5,19,180
2022-02-15 08:00:00,647.25,645.5,647.0,646.5,107,376
2022-02-15 09:00:00,646.75,643.5,646.75,644.75,189,852
2022-02-15 10:00:00,643.75,641.75,643.75,642.5,174,782
2022-02-15 11:00:00,643.25,641.5,642.0,642.0,81,280
2022-02-15 12:00:00,642.0,640.5,642.0,640.5,103,857
2022-02-15 13:00:00,642.75,639.75,640.5,641.75,154,839
2022-02-15 14:00:00,641.75,638.5,641.75,639.5,190,991
2022-02-15 15:00:00,640.5,635.25,639.25,636.5,1229,8823
2022-02-15 16:00:00,637.5,632.5,636.75,633.25,1095,10772
2022-02-15 17:00:00,637.5,633.0,633.0,635.25,1493,9181
2022-02-15 18:00:00,636.0,633.25,635.25,633.25,635,3943
2022-02-15 19:00:00,633.75,631.25,633.5,633.5,588,4339
2022-02-15 20:00:00,634.25,632.25,633.5,632.75,346,5406
2022-02-16 02:00:00,633.75,631.75,633.5,632.25,126,1358
2022-02-16 03:00:00,635.5,632.25,632.5,635.25,82,450
2022-02-16 04:00:00,635.75,634.5,635.25,634.75,96,273
2022-02-16 05:00:00,635.0,634.75,634.75,635.0,4,7
2022-02-16 06:00:00,635.75,635.0,635.75,635.0,13,37
2022-02-16 07:00:00,636.5,635.25,635.25,636.5,25,121
2022-02-16 08:00:00,637.0,635.25,636.25,636.0,82,318
2022-02-16 09:00:00,636.75,636.0,636.25,636.25,62,253
2022-02-16 10:00:00,637.25,636.0,636.5,636.25,57,324
2022-02-16 11:00:00,637.75,636.0,636.25,637.5,64,311
2022-02-16 12:00:00,638.0,637.0,637.5,637.5,53,246
2022-02-16 13:00:00,638.5,635.75,637.75,636.25,158,889
2022-02-16 14:00:00,636.0,634.5,636.0,635.0,145,854
2022-02-16 15:00:00,637.5,635.0,636.5,636.5,801,6562
2022-02-16 16:00:00,641.25,635.25,636.5,639.5,1159,7821
2022-02-16 17:00:00,641.75,638.75,639.75,639.75,619,4476
2022-02-16 18:00:00,641.5,639.25,639.75,641.0,406,2715
2022-02-16 19:00:00,642.0,639.75,641.0,639.75,457,3102
2022-02-16 20:00:00,641.0,639.0,639.75,639.25,434,4085
2022-02-17 02:00:00,639.0,637.5,639.0,638.5,169,1082
2022-02-17 03:00:00,638.5,636.75,638.5,637.5,25,184
2022-02-17 04:00:00,638.5,636.75,637.5,637.25,33,125
2022-02-17 05:00:00,642.0,637.0,637.0,641.5,128,1107
2022-02-17 06:00:00,642.5,641.0,642.0,641.5,21,823
2022-02-17 07:00:00,642.5,640.75,641.75,640.75,14,156
2022-02-17 08:00:00,642.0,641.0,641.0,642.0,22,75
2022-02-17 09:00:00,641.75,640.0,641.5,640.25,123,523
2022-02-17 10:00:00,641.75,639.75,640.25,641.25,103,385
2022-02-17 11:00:00,641.25,639.5,641.0,639.75,39,137
2022-02-17 12:00:00,641.5,639.5,639.5,640.25,33,121
2022-02-17 13:00:00,642.25,639.75,640.25,642.25,164,1248
2022-02-17 14:00:00,645.0,642.5,642.5,644.5,212,1575
2022-02-17 15:00:00,645.25,641.25,644.5,644.25,1410,7376
2022-02-17 16:00:00,645.5,638.5,644.25,638.75,1306,13183
2022-02-17 17:00:00,642.75,637.75,638.75,640.75,790,4590
2022-02-17 18:00:00,642.5,640.0,640.75,641.25,406,2736
2022-02-17 19:00:00,643.0,641.25,641.25,642.5,415,3173
2022-02-17 20:00:00,645.25,642.5,642.5,643.25,389,6005
2022-02-18 02:00:00,643.25,641.75,643.25,642.0,133,1343
2022-02-18 03:00:00,642.5,641.75,642.0,642.0,35,69
2022-02-18 04:00:00,642.25,641.75,642.0,642.0,12,18
2022-02-18 05:00:00,642.25,641.75,641.75,642.0,13,26
2022-02-18 06:00:00,642.5,641.75,641.75,642.5,15,31
2022-02-18 07:00:00,642.5,642.25,642.5,642.5,13,118
2022-02-18 08:00:00,643.0,642.0,642.5,642.5,189,1291
2022-02-18 09:00:00,643.75,642.0,642.5,643.5,239,1277
2022-02-18 10:00:00,644.25,642.5,643.5,643.5,576,3058
2022-02-18 11:00:00,644.0,642.0,643.5,642.25,117,488
2022-02-18 12:00:00,643.5,642.25,642.5,642.25,73,444
2022-02-18 13:00:00,643.25,642.25,642.25,643.0,77,598
2022-02-18 14:00:00,645.75,642.5,642.75,644.25,181,1078
2022-02-18 15:00:00,648.5,643.25,644.0,648.0,1094,12287
2022-02-18 16:00:00,649.5,647.0,648.0,647.75,1042,6045
2022-02-18 17:00:00,650.25,647.0,647.75,647.5,962,7636
2022-02-18 18:00:00,650.5,647.25,647.25,650.25,725,4502
2022-02-18 19:00:00,651.0,647.5,650.0,647.75,637,5545
2022-02-18 20:00:00,649.0,646.5,647.5,647.25,652,6499
2022-02-22 02:00:00,656.25,650.0,650.0,656.0,739,5877
2022-02-22 03:00:00,657.5,655.5,656.0,657.25,155,1590
2022-02-22 04:00:00,658.5,657.0,657.25,658.5,143,1013
2022-02-22 05:00:00,658.5,657.25,658.25,657.75,86,305
2022-02-22 06:00:00,658.5,657.25,657.75,657.5,135,1127
2022-02-22 07:00:00,657.5,656.0,657.5,657.25,100,839
2022-02-22 08:00:00,659.0,656.25,657.25,658.75,445,1421
2022-02-22 09:00:00,662.75,658.5,659.0,661.25,657,3814
2022-02-22 10:00:00,662.0,658.25,661.25,658.75,278,866
2022-02-22 11:00:00,661.5,658.0,658.75,659.0,458,1727
2022-02-22 12:00:00,658.75,653.25,658.75,654.0,277,1532
2022-02-22 13:00:00,654.75,651.25,654.25,652.75,264,1461
2022-02-22 14:00:00,654.75,650.25,652.25,654.25,400,1675
2022-02-22 15:00:00,658.75,653.5,654.25,654.75,1574,9282
2022-02-22 16:00:00,656.75,651.5,654.75,654.0,1803,9358
2022-02-22 17:00:00,656.5,653.75,654.0,655.0,1601,6075
2022-02-22 18:00:00,658.5,655.0,655.25,658.25,1462,8287
2022-02-22 19:00:00,663.25,658.5,658.5,663.0,2170,12591
2022-02-22 20:00:00,667.75,662.25,663.0,667.25,1203,8257
2022-02-23 02:00:00,665.0,661.5,665.0,663.5,531,2487
2022-02-23 03:00:00,664.75,663.25,663.25,664.5,63,155
2022-02-23 04:00:00,664.75,664.0,664.25,664.25,50,200
2022-02-23 05:00:00,664.0,663.75,664.0,663.75,23,122
2022-02-23 06:00:00,665.0,664.0,664.0,665.0,46,121
2022-02-23 07:00:00,665.0,661.75,665.0,661.75,63,214
2022-02-23 08:00:00,662.75,661.5,662.0,662.0,252,1032
2022-02-23 09:00:00,663.0,661.75,662.25,662.5,546,2348
2022-02-23 10:00:00,663.5,661.25,662.25,661.75,407,2119
2022-02-23 11:00:00,662.75,660.75,661.75,662.25,214,1032
2022-02-23 12:00:00,663.0,661.5,662.25,661.75,159,702
2022-02-23 13:00:00,664.25,661.25,661.75,663.25,204,784
2022-02-23 14:00:00,665.25,662.75,663.25,663.75,299,2179
2022-02-23 15:00:00,666.5,661.75,663.75,664.5,1713,11953
2022-02-23 16:00:00,667.75,662.25,664.5,667.25,2069,11737
2022-02-23 17:00:00,668.5,662.75,667.0,665.0,1582,9290
2022-02-23 18:00:00,671.5,664.5,664.75,670.75,1626,9464
2022-02-23 19:00:00,674.75,670.25,670.5,672.5,1677,11196
2022-02-23 20:00:00,675.5,671.5,672.5,672.75,844,5880
2022-02-24 02:00:00,681.25,672.25,674.0,681.25,877,6147
2022-02-24 03:00:00,687.5,680.75,681.0,686.0,883,5392
2022-02-24 04:00:00,705.5,684.5,685.75,700.5,1782,9674
2022-02-24 05:00:00,708.75,697.25,700.25,701.5,1770,10035
2022-02-24 06:00:00,709.25,697.5,701.5,707.0,636,3566
2022-02-24 07:00:00,709.25,705.25,707.0,708.5,307,3131
2022-02-24 08:00:00,709.5,708.0,708.0,709.5,187,4047
2022-02-24 09:00:00,709.5,707.25,709.5,709.5,382,3812
2022-02-24 10:00:00,709.5,708.5,709.5,709.5,123,2160
2022-02-24 11:00:00,709.5,709.5,709.5,709.5,8,2374
2022-02-24 12:00:00,709.5,709.5,709.5,709.5,10,1892
2022-02-24 13:00:00,709.5,709.5,709.5,709.5,35,2177
2022-02-24 14:00:00,709.5,707.0,709.5,708.25,499,5676
2022-02-24 15:00:00,708.25,682.5,707.75,692.0,6039,27252
2022-02-24 16:00:00,702.25,691.0,692.25,697.5,3005,21283
2022-02-24 17:00:00,700.0,675.75,697.5,678.25,2947,14100
2022-02-24 18:00:00,688.0,673.25,678.0,684.75,2756,11394
2022-02-24 19:00:00,688.5,674.75,684.75,679.5,2472,12728
2022-02-24 20:00:00,681.75,674.25,679.75,675.0,1559,9699
2022-02-25 02:00:00,688.25,679.0,680.0,687.0,1298,4263
2022-02-25 03:00:00,688.5,686.5,687.0,687.75,275,844
2022-02-25 04:00:00,688.25,686.75,687.75,688.0,199,779
2022-02-25 05:00:00,688.0,686.25,688.0,687.0,106,303
2022-02-25 06:00:00,687.0,685.75,687.0,686.25,156,564
2022-02-25 07:00:00,687.75,685.5,686.5,687.25,171,463
2022-02-25 08:00:00,687.5,683.25,687.25,683.5,184,580
2022-02-25 09:00:00,684.0,667.5,683.75,670.0,1061,3533
2022-02-25 10:00:00,670.5,661.25,669.5,667.5,971,2831
2022-02-25 11:00:00,667.0,659.0,667.0,659.25,533,1760
2022-02-25 12:00:00,663.0,647.75,659.25,659.25,1134,4683
2022-02-25 13:00:00,665.75,654.5,659.5,659.75,810,3275
2022-02-25 14:00:00,664.25,652.25,659.75,655.0,811,3450
2022-02-25 15:00:00,662.25,650.5,656.25,651.0,3436,11422
2022-02-25 16:00:00,654.0,647.0,650.75,649.25,4194,20762
2022-02-25 17:00:00,650.5,643.5,649.25,645.0,1980,11122
2022-02-25 18:00:00,646.25,643.5,644.75,646.0,1312,9000
2022-02-25 19:00:00,648.0,644.75,645.75,645.75,1233,7604
2022-02-25 20:00:00,646.25,643.5,645.5,644.0,941,7880
2022-02-28 02:00:00,675.0,660.25,673.0,668.0,2833,12045
2022-02-28 03:00:00,668.0,663.25,668.0,663.75,511,1501
2022-02-28 04:00:00,665.5,663.0,663.75,665.25,206,585
2022-02-28 05:00:00,666.5,665.25,665.25,665.5,123,421
2022-02-28 06:00:00,666.5,665.0,665.75,666.5,60,229
2022-02-28 07:00:00,669.75,666.25,666.5,669.0,137,480
2022-02-28 08:00:00,671.0,664.5,668.75,665.75,355,852
2022-02-28 09:00:00,668.5,663.0,665.5,665.25,648,2017
2022-02-28 10:00:00,668.75,664.75,665.0,666.0,550,2074
2022-02-28 11:00:00,670.5,666.25,666.25,667.5,225,698
2022-02-28 12:00:00,670.0,665.0,667.25,668.0,178,548
2022-02-28 13:00:00,669.5,665.25,668.5,667.5,332,1251
2022-02-28 14:00:00,671.25,667.25,667.75,669.0,448,2027
2022-02-28 15:00:00,674.0,663.0,668.0,671.0,2447,10322
2022-02-28 16:00:00,675.0,667.5,671.25,670.5,2387,7497
2022-02-28 17:00:00,679.0,670.5,670.75,679.0,1842,9134
2022-02-28 18:00:00,679.0,674.25,679.0,679.0,1286,12787
2022-02-28 19:00:00,679.0,677.75,679.0,679.0,609,6958
2022-02-28 20:00:00,679.0,675.75,679.0,676.5,957,10669
2022-03-01 02:00:00,686.0,677.25,678.5,684.0,1189,4111
2022-03-01 03:00:00,686.5,683.25,684.25,685.5,284,810
2022-03-01 04:00:00,686.0,683.5,685.5,686.0,237,610
2022-03-01 05:00:00,686.5,683.75,685.75,684.75,97,458
2022-03-01 06:00:00,686.0,684.75,685.0,685.75,67,227
2022-03-01 07:00:00,690.75,685.0,686.0,689.0,358,1398
2022-03-01 08:00:00,692.0,687.5,689.25,691.75,460,1217
2022-03-01 09:00:00,696.75,691.75,692.0,696.0,562,2193
2022-03-01 10:00:00,697.75,694.75,695.75,696.0,379,1681
2022-03-01 11:00:00,697.5,692.75,696.25,696.0,467,1612
2022-03-01 12:00:00,696.75,690.25,696.0,693.5,480,1680
2022-03-01 13:00:00,704.0,693.75,693.75,702.75,604,3732
2022-03-01 14:00:00,707.5,700.75,703.0,703.5,826,4849
2022-03-01 15:00:00,707.0,700.5,704.5,705.0,3488,21393
2022-03-01 16:00:00,712.0,701.25,705.0,710.5,3414,18185
2022-03-01 17:00:00,711.75,704.75,710.5,709.0,2619,14695
2022-03-01 18:00:00,710.25,704.5,708.75,706.75,2029,11535
2022-03-01 19:00:00,707.25,703.0,706.75,704.25,1588,11052
2022-03-01 20:00:00,708.5,704.0,704.25,707.0,1819,14371
2022-03-02 02:00:00,710.5,695.25,707.25,701.25,1708,7316
2022-03-02 03:00:00,706.5,696.5,701.0,699.25,626,1657
2022-03-02 04:00:00,704.0,697.0,699.25,699.75,496,1353
2022-03-02 05:00:00,702.0,697.75,699.5,701.25,390,960
2022-03-02 06:00:00,703.25,700.5,701.0,701.75,150,281
2022-03-02 07:00:00,709.25,702.0,702.0,708.75,400,1321
2022-03-02 08:00:00,719.5,708.0,708.75,717.5,1828,4917
2022-03-02 09:00:00,723.75,715.5,718.0,723.5,1213,3051
2022-03-02 10:00:00,723.75,717.75,723.5,721.0,655,1746
2022-03-02 11:00:00,721.5,696.0,720.75,699.5,1144,3796
2022-03-02 12:00:00,705.75,683.75,700.0,701.75,941,3818
2022-03-02 13:00:00,710.0,697.75,702.0,708.75,395,1842
2022-03-02 14:00:00,715.0,705.0,708.0,714.25,796,4116
2022-03-02 15:00:00,713.75,701.25,710.75,710.25,3928,17288
2022-03-02 16:00:00,711.5,704.75,710.25,706.5,3510,19514
2022-03-02 17:00:00,711.25,696.0,706.75,697.0,2747,12934
2022-03-02 18:00:00,697.25,686.0,697.25,691.0,2805,16398
2022-03-02 19:00:00,698.0,691.0,691.0,694.0,1842,9056
2022-03-02 20:00:00,699.25,691.5,693.75,698.0,1529,13438
2022-03-03 02:00:00,706.25,693.25,697.0,705.5,1912,10075
2022-03-03 03:00:00,706.0,702.0,705.5,702.5,422,1372
2022-03-03 04:00:00,702.75,701.0,702.5,701.0,233,876
2022-03-03 05:00:00,703.0,699.0,701.5,702.5,223,623
2022-03-03 06:00:00,705.0,702.75,702.75,704.75,186,625
2022-03-03 07:00:00,707.0,703.5,704.75,705.25,243,712
2022-03-03 08:00:00,710.0,705.0,705.25,709.5,727,1736
2022-03-03 09:00:00,712.75,702.75,709.25,703.0,737,2553
2022-03-03 10:00:00,704.25,699.25,703.0,701.5,476,1700
2022-03-03 11:00:00,702.25,690.0,701.5,691.0,667,3364
2022-03-03 12:00:00,698.0,689.25,691.25,690.5,559,2419
2022-03-03 13:00:00,698.0,688.5,691.0,693.0,550,2209
2022-03-03 14:00:00,698.25,692.25,693.0,693.5,571,2300
2022-03-03 15:00:00,703.0,690.25,692.25,701.25,2349,10833
2022-03-03 16:00:00,703.5,697.75,701.25,702.75,2206,13478
2022-03-03 17:00:00,714.0,699.75,702.75,706.5,4163,21177
2022-03-03 18:00:00,713.75,705.25,706.75,712.5,2900,15315
2022-03-03 19:00:00,723.5,712.25,712.25,721.0,3152,18716
2022-03-03 20:00:00,722.5,700.25,721.0,702.25,4177,24628
2022-03-04 02:00:00,723.0,706.75,710.0,721.75,2025,11987
2022-03-04 03:00:00,727.0,721.0,721.5,725.5,633,2750
2022-03-04 04:00:00,725.75,721.5,725.5,722.0,339,1280
2022-03-04 05:00:00,725.5,721.5,722.0,723.25,145,345
2022-03-04 06:00:00,723.0,714.25,723.0,714.25,239,690
2022-03-04 07:00:00,717.5,708.75,714.75,716.75,235,561
2022-03-04 08:00:00,724.25,715.5,717.0,716.25,461,1023
2022-03-04 09:00:00,717.0,710.5,716.0,712.0,369,887
2022-03-04 10:00:00,716.0,710.0,712.0,713.25,327,885
2022-03-04 11:00:00,719.75,712.75,712.75,718.5,264,724
2022-03-04 12:00:00,728.75,717.5,718.0,728.25,558,2867
2022-03-04 13:00:00,735.0,723.5,728.25,733.75,666,3011
2022-03-04 14:00:00,735.25,728.75,733.75,731.5,771,3345
2022-03-04 15:00:00,738.5,724.5,731.0,738.5,3262,18877
2022-03-04 16:00:00,738.5,732.5,738.5,733.25,1393,17162
2022-03-04 17:00:00,736.5,700.25,733.0,707.0,5963,28351
2022-03-04 18:00:00,726.25,701.75,707.25,713.5,5361,18140
2022-03-04 19:00:00,714.25,707.5,713.5,710.5,1299,6457
2022-03-04 20:00:00,724.5,710.75,710.75,717.75,1511,13622
2022-03-07 02:00:00,742.25,731.25,735.0,740.0,1352,4926
2022-03-07 03:00:00,742.25,739.75,740.0,741.5,328,1078
2022-03-07 04:00:00,743.0,740.75,741.75,741.5,153,466
2022-03-07 05:00:00,745.0,741.75,741.75,744.75,112,542
2022-03-07 06:00:00,747.0,744.75,744.75,746.5,235,738
2022-03-07 07:00:00,746.75,739.75,746.5,740.0,226,857
2022-03-07 08:00:00,739.75,735.5,739.5,736.75,302,1079
2022-03-07 09:00:00,738.5,735.5,737.0,737.5,195,474
2022-03-07 10:00:00,738.5,735.75,737.5,737.5,155,457
2022-03-07 11:00:00,738.75,736.25,737.75,736.75,123,432
2022-03-07 12:00:00,742.0,736.0,736.25,742.0,108,475
2022-03-07 13:00:00,742.75,728.25,742.25,729.0,407,1423
2022-03-07 14:00:00,730.0,722.75,728.75,725.5,818,3540
2022-03-07 15:00:00,729.0,712.0,726.25,715.0,2363,11344
2022-03-07 16:00:00,720.75,709.5,714.5,715.5,1602,10265
2022-03-07 17:00:00,722.5,714.0,715.5,718.25,1626,13912
2022-03-07 18:00:00,725.5,716.75,718.75,723.5,1096,6278
2022-03-07 19:00:00,729.25,721.25,724.0,723.75,1206,7739
2022-03-07 20:00:00,729.0,722.75,724.0,727.75,1132,10397
2022-03-08 02:00:00,728.25,706.0,726.75,707.75,1288,4448
2022-03-08 03:00:00,716.0,706.75,707.75,715.75,270,817
2022-03-08 04:00:00,720.0,715.0,715.5,718.0,166,435
2022-03-08 05:00:00,722.5,717.5,718.0,720.5,85,278
2022-03-08 06:00:00,724.75,719.0,720.75,724.0,154,255
2022-03-08 07:00:00,729.25,722.0,723.75,727.75,264,749
2022-03-08 08:00:00,729.5,721.5,727.5,722.25,447,944
2022-03-08 09:00:00,725.75,710.5,722.5,713.5,552,1401
2022-03-08 10:00:00,717.0,709.5,713.0,715.5,574,1560
2022-03-08 11:00:00,718.5,713.0,715.0,718.5,244,749
2022-03-08 12:00:00,724.25,718.75,719.0,719.75,252,685
2022-03-08 13:00:00,721.75,710.5,720.25,713.5,366,1286
2022-03-08 14:00:00,724.0,711.75,713.25,721.25,708,2379
2022-03-08 15:00:00,725.0,714.75,724.0,723.25,2298,8801
2022-03-08 16:00:00,724.5,715.0,723.5,719.0,2977,11025
2022-03-08 17:00:00,720.25,711.75,718.5,712.75,1577,7592
2022-03-08 18:00:00,714.75,701.5,712.5,708.75,2640,13896
2022-03-08 19:00:00,731.0,705.0,708.5,721.5,3227,19095
2022-03-08 20:00:00,729.0,721.25,721.75,726.0,1810,12251
2022-03-09 02:00:00,726.0,719.75,726.0,722.5,692,2591
2022-03-09 03:00:00,727.5,722.5,722.5,726.75,250,901
2022-03-09 04:00:00,726.75,723.5,726.0,723.5,110,367
2022-03-09 05:00:00,725.5,722.0,723.25,722.75,76,140
2022-03-09 06:00:00,726.25,722.25,722.25,725.75,115,286
2022-03-09 07:00:00,728.5,724.0,725.75,728.5,133,415
2022-03-09 08:00:00,729.25,725.25,728.5,725.75,124,355
2022-03-09 09:00:00,727.0,722.5,725.25,725.5,183,534
2022-03-09 10:00:00,726.5,717.0,726.0,718.75,314,951
2022-03-09 11:00:00,719.0,713.0,718.75,714.25,316,1011
2022-03-09 12:00:00,717.25,711.25,715.25,716.5,212,592
2022-03-09 13:00:00,721.25,716.0,716.0,718.25,285,1142
2022-03-09 14:00:00,719.5,714.5,717.25,717.5,355,1299
2022-03-09 15:00:00,718.75,711.25,716.0,715.25,1807,7190
2022-03-09 16:00:00,719.0,708.5,715.0,712.0,1994,11436
2022-03-09 17:00:00,715.5,709.25,712.25,713.0,1193,7566
2022-03-09 18:00:00,720.25,705.25,714.0,710.75,1958,12844
2022-03-09 19:00:00,712.75,707.25,710.75,707.75,807,4463
2022-03-09 20:00:00,709.0,706.75,708.0,707.25,1027,13121
2022-03-10 02:00:00,715.25,703.25,707.25,715.0,742,2612
2022-03-10 03:00:00,715.75,712.0,715.0,713.0,363,881
2022-03-10 04:00:00,718.0,713.25,713.25,716.5,281,1040
2022-03-10 05:00:00,716.25,713.25,716.25,713.5,58,1446
2022-03-10 06:00:00,716.25,713.5,713.75,714.5,112,239
2022-03-10 07:00:00,715.0,712.75,714.25,714.5,92,182
2022-03-10 08:00:00,716.5,714.25,714.75,716.5,116,273
2022-03-10 09:00:00,717.75,713.75,716.25,715.0,258,665
2022-03-10 10:00:00,715.5,713.0,714.0,715.25,224,531
2022-03-10 11:00:00,718.25,713.75,715.5,717.25,237,891
2022-03-10 12:00:00,720.25,716.25,717.75,720.0,293,1514
2022-03-10 13:00:00,723.5,717.75,720.0,719.0,621,2232
2022-03-10 14:00:00,723.5,717.75,719.0,722.5,434,1597
2022-03-10 15:00:00,724.75,712.5,722.5,715.75,1954,11212
2022-03-10 16:00:00,720.5,713.75,715.5,717.25,1401,6062
2022-03-10 17:00:00,724.25,715.5,716.75,719.0,1469,8146
2022-03-10 18:00:00,730.0,718.75,718.75,727.5,1856,12137
2022-03-10 19:00:00,731.5,725.75,727.5,730.0,2236,10323
2022-03-10 20:00:00,730.5,722.25,730.25,722.5,1307,13678
2022-03-11 02:00:00,725.75,718.5,721.75,724.5,523,2585
2022-03-11 03:00:00,724.25,722.5,724.25,723.75,132,439
2022-03-11 04:00:00,724.0,721.75,723.25,722.5,83,188
2022-03-11 05:00:00,724.5,722.5,722.5,724.25,56,158
2022-03-11 06:00:00,726.75,723.5,723.75,726.0,76,410
2022-03-11 07:00:00,726.75,725.25,725.75,726.25,65,141
2022-03-11 08:00:00,728.0,725.25,726.5,726.5,131,311
2022-03-11 09:00:00,726.75,723.5,726.25,726.25,127,257
2022-03-11 10:00:00,728.0,724.0,726.25,727.0,199,499
2022-03-11 11:00:00,728.25,725.0,726.75,727.5,111,443
2022-03-11 12:00:00,729.75,722.25,727.75,723.75,382,942
2022-03-11 13:00:00,724.5,716.0,723.75,716.0,567,2365
2022-03-11 14:00:00,721.25,715.0,716.0,716.5,434,2084
2022-03-11 15:00:00,722.25,713.0,717.5,720.5,1170,6089
2022-03-11 16:00:00,725.75,718.5,720.25,720.25,1770,8768
2022-03-11 17:00:00,727.5,718.5,720.25,725.25,1244,5909
2022-03-11 18:00:00,728.75,724.5,725.25,726.0,833,4199
2022-03-11 19:00:00,728.25,725.25,726.0,727.25,1104,5238
2022-03-11 20:00:00,729.75,727.5,727.5,729.0,1155,9248
2022-03-14 01:00:00,733.0,722.5,728.0,726.75,615,2162
2022-03-14 02:00:00,728.75,723.75,726.75,727.75,259,849
2022-03-14 03:00:00,727.75,725.25,727.75,726.75,86,208
2022-03-14 04:00:00,726.75,724.25,726.75,726.0,81,237
2022-03-14 05:00:00,726.25,725.0,726.25,725.5,36,175
2022-03-14 06:00:00,725.75,722.75,725.25,724.75,76,196
2022-03-14 07:00:00,725.5,723.75,724.5,725.25,72,155
2022-03-14 08:00:00,727.5,724.75,724.75,727.0,84,168
2022-03-14 09:00:00,727.25,721.75,727.0,722.75,196,387
2022-03-14 10:00:00,723.5,721.0,723.0,721.75,164,507
2022-03-14 11:00:00,722.25,717.5,722.25,718.75,281,1399
2022-03-14 12:00:00,721.5,716.0,718.75,720.75,344,1278
2022-03-14 13:00:00,722.0,719.75,721.25,720.5,199,912
2022-03-14 14:00:00,721.5,716.5,720.25,720.75,1332,4300
2022-03-14 15:00:00,722.75,712.0,720.75,718.25,1905,6036
2022-03-14 16:00:00,721.0,710.25,718.25,713.5,1296,5584
2022-03-14 17:00:00,715.75,711.75,713.25,714.75,992,5707
2022-03-14 18:00:00,717.25,713.0,715.0,714.5,1311,5348
2022-03-14 19:00:00,720.75,713.5,714.5,715.5,1166,7744
2022-03-15 01:00:00,717.5,714.5,715.5,715.75,171,652
2022-03-15 02:00:00,716.0,710.0,715.5,710.25,210,1031
2022-03-15 03:00:00,713.75,710.0,710.0,713.5,138,444
2022-03-15 04:00:00,713.75,712.5,713.75,713.0,25,115
2022-03-15 05:00:00,713.0,711.0,713.0,711.75,21,46
2022-03-15 06:00:00,713.25,711.25,711.25,713.0,86,176
2022-03-15 07:00:00,713.0,709.75,713.0,710.0,131,451
2022-03-15 08:00:00,713.0,709.5,709.75,710.25,229,802
2022-03-15 09:00:00,712.25,708.5,710.5,708.75,264,671
2022-03-15 10:00:00,709.5,707.0,708.75,709.25,341,748
2022-03-15 11:00:00,711.25,707.75,709.0,708.25,302,932
2022-03-15 12:00:00,709.5,705.0,708.5,708.5,504,1879
2022-03-15 13:00:00,709.25,705.5,708.25,707.25,401,1385
2022-03-15 14:00:00,714.75,704.0,705.5,711.25,1605,7008
2022-03-15 15:00:00,717.75,710.5,711.75,714.25,1617,6890
2022-03-15 16:00:00,721.75,714.0,714.5,721.5,1428,6210
2022-03-15 17:00:00,724.25,719.25,721.5,722.5,1406,7069
2022-03-15 18:00:00,723.0,720.75,722.5,721.25,962,5976
2022-03-15 19:00:00,723.75,720.0,721.25,722.5,585,4883
2022-03-16 01:00:00,722.0,719.5,721.75,719.5,173,837
2022-03-16 02:00:00,721.5,719.25,720.0,720.75,72,258
2022-03-16 03:00:00,721.25,719.75,721.0,720.75,57,110
2022-03-16 04:00:00,721.0,720.5,720.5,720.5,28,69
2022-03-16 05:00:00,721.25,720.5,720.75,721.25,21,75
2022-03-16 06:00:00,722.0,720.0,721.25,721.75,31,141
2022-03-16 07:00:00,722.5,720.25,722.0,721.0,84,216
2022-03-16 08:00:00,721.25,719.5,721.0,720.0,115,188
2022-03-16 09:00:00,720.0,718.25,720.0,718.25,160,269
2022-03-16 10:00:00,718.5,714.5,718.25,715.5,181,945
2022-03-16 11:00:00,717.25,714.75,715.25,716.5,105,314
2022-03-16 12:00:00,717.75,715.25,716.75,717.25,101,385
2022-03-16 13:00:00,720.0,715.75,717.25,716.25,227,1059
2022-03-16 14:00:00,717.5,711.0,715.0,712.5,1184,4705
2022-03-16 15:00:00,713.0,698.5,712.5,702.75,2851,13832
2022-03-16 16:00:00,703.25,693.25,702.25,701.5,2043,10369
2022-03-16 17:00:00,701.5,697.5,701.25,700.0,900,3843
2022-03-16 18:00:00,700.75,697.5,700.0,698.75,662,3786
2022-03-16 19:00:00,699.5,696.5,699.0,696.5,706,5777
2022-03-17 01:00:00,704.5,695.5,696.5,703.5,534,1770
2022-03-17 02:00:00,704.25,702.5,703.25,702.5,79,261
2022-03-17 03:00:00,704.0,701.75,702.75,702.5,75,274
2022-03-17 04:00:00,703.75,699.75,702.75,700.5,77,276
2022-03-17 05:00:00,701.25,700.25,700.5,700.5,50,118
2022-03-17 06:00:00,701.0,700.5,700.5,700.75,16,22
2022-03-17 07:00:00,701.75,700.25,700.25,701.75,26,55
2022-03-17 08:00:00,703.25,700.25,702.0,702.75,111,277
2022-03-17 09:00:00,706.0,702.5,703.0,705.75,141,407
2022-03-17 10:00:00,706.0,704.0,705.5,704.25,125,359
2022-03-17 11:00:00,708.5,705.5,705.5,705.75,152,506
2022-03-17 12:00:00,707.0,704.5,706.75,705.75,109,732
2022-03-17 13:00:00,706.0,702.75,705.25,705.5,168,562
2022-03-17 14:00:00,716.75,704.75,705.75,716.75,1613,7796
2022-03-17 15:00:00,720.5,714.5,717.0,718.0,1527,6630
2022-03-17 16:00:00,720.0,716.0,718.0,718.75,1107,6292
2022-03-17 17:00:00,722.0,718.0,718.75,719.25,1203,4529
2022-03-17 18:00:00,719.75,717.25,719.0,719.0,896,3852
2022-03-17 19:00:00,719.75,717.25,719.25,718.0,877,5637
2022-03-18 01:00:00,719.0,716.0,718.0,717.25,284,957
2022-03-18 02:00:00,719.0,717.0,717.25,718.5,91,250
2022-03-18 03:00:00,719.0,717.75,718.75,717.75,55,124
2022-03-18 04:00:00,718.25,717.25,717.75,718.25,32,144
2022-03-18 05:00:00,718.75,718.0,718.0,718.0,32,108
2022-03-18 06:00:00,718.0,717.5,718.0,717.5,22,53
2022-03-18 07:00:00,718.5,717.5,717.75,718.25,43,114
2022-03-18 08:00:00,718.25,715.0,718.25,715.75,104,262
2022-03-18 09:00:00,716.5,714.75,715.25,715.0,100,231
2022-03-18 10:00:00,715.75,713.5,715.0,715.5,111,205
2022-03-18 11:00:00,717.25,714.5,716.25,714.75,61,214
2022-03-18 12:00:00,716.25,713.25,715.0,716.25,148,435
2022-03-18 13:00:00,716.25,713.0,716.25,715.0,137,492
2022-03-18 14:00:00,716.0,708.5,714.0,708.75,1046,5421
2022-03-18 15:00:00,712.25,704.5,708.25,707.0,1272,8474
2022-03-18 16:00:00,711.5,705.5,707.25,709.0,884,5168
2022-03-18 17:00:00,712.75,708.25,708.75,710.75,661,7471
2022-03-18 18:00:00,712.75,710.5,710.75,712.0,668,5064
2022-03-18 19:00:00,714.0,709.75,712.25,712.0,656,6600
2022-03-21 01:00:00,719.5,714.0,715.5,718.25,440,2497
2022-03-21 02:00:00,721.0,718.25,718.25,721.0,204,834
2022-03-21 03:00:00,721.75,720.25,721.0,721.25,63,205
2022-03-21 04:00:00,721.5,720.75,721.5,721.25,31,230
2022-03-21 05:00:00,721.75,720.5,721.5,720.5,18,81
2022-03-21 06:00:00,721.25,720.5,720.75,721.25,27,135
2022-03-21 07:00:00,722.75,721.25,721.25,721.75,44,182
2022-03-21 08:00:00,723.0,721.5,721.5,722.5,39,150
2022-03-21 09:00:00,723.5,722.0,722.5,723.25,98,314
2022-03-21 10:00:00,724.5,723.25,723.5,724.0,151,726
2022-03-21 11:00:00,725.0,723.25,724.25,724.75,73,320
2022-03-21 12:00:00,728.0,724.5,725.0,728.0,343,1872
2022-03-21 13:00:00,728.5,722.25,728.0,722.75,390,2165
2022-03-21 14:00:00,729.0,722.75,722.75,727.25,1320,7517
2022-03-21 15:00:00,733.75,727.25,727.25,732.5,2301,10093
2022-03-21 16:00:00,736.0,731.25,732.5,732.25,1830,7066
2022-03-21 17:00:00,734.25,727.5,732.0,729.75,1307,5966
2022-03-21 18:00:00,732.75,729.25,729.75,729.5,898,3463
2022-03-21 19:00:00,732.5,727.25,729.75,728.0,918,7449
2022-03-22 01:00:00,731.25,725.5,727.75,726.75,373,1736
2022-03-22 02:00:00,731.5,727.25,727.25,731.0,156,482
2022-03-22 03:00:00,733.0,731.0,731.0,732.25,145,700
2022-03-22 04:00:00,732.5,731.0,732.0,732.25,26,49
2022-03-22 05:00:00,733.25,732.0,732.25,732.5,29,91
2022-03-22 06:00:00,733.25,731.25,732.5,732.5,40,139
2022-03-22 07:00:00,733.25,731.5,733.25,731.5,72,124
2022-03-22 08:00:00,731.5,728.0,731.25,728.5,268,1113
2022-03-22 09:00:00,729.0,724.5,728.5,725.75,255,610
2022-03-22 10:00:00,728.25,724.75,726.0,727.75,156,1297
2022-03-22 11:00:00,732.25,727.5,727.5,731.25,204,1288
2022-03-22 12:00:00,734.0,730.0,731.75,731.0,178,849
2022-03-22 13:00:00,731.25,726.75,730.5,729.0,203,1156
2022-03-22 14:00:00,728.0,719.5,726.75,725.0,1997,20055
2022-03-22 15:00:00,728.0,722.5,724.75,727.0,1301,10054
2022-03-22 16:00:00,727.75,724.25,727.0,724.25,791,6082
2022-03-22 17:00:00,726.5,724.0,724.5,725.5,665,8285
2022-03-22 18:00:00,728.75,724.75,725.25,726.25,927,4749
2022-03-22 19:00:00,730.5,725.5,726.0,728.5,638,7476
2022-03-23 01:00:00,729.0,726.0,729.0,727.75,198,1589
2022-03-23 02:00:00,728.5,726.5,728.0,726.75,56,272
2022-03-23 03:00:00,728.0,726.25,726.5,727.25,47,274
2022-03-23 04:00:00,728.5,727.25,727.5,727.75,40,292
2022-03-23 05:00:00,728.5,727.5,727.5,728.0,22,68
2022-03-23 06:00:00,728.0,726.75,728.0,727.25,19,90
2022-03-23 07:00:00,728.0,726.0,727.0,728.0,36,485
2022-03-23 08:00:00,730.25,727.0,727.0,730.0,60,302
2022-03-23 09:00:00,732.5,729.5,730.0,732.5,111,490
2022-03-23 10:00:00,734.25,732.0,732.75,734.0,134,379
2022-03-23 11:00:00,734.5,732.75,733.5,733.25,54,220
2022-03-23 12:00:00,735.0,733.0,733.0,733.25,116,652
2022-03-23 13:00:00,735.0,731.5,732.75,735.0,202,1880
2022-03-23 14:00:00,744.75,734.25,734.5,742.25,2459,17288
2022-03-23 15:00:00,743.25,737.5,742.25,738.5,2099,11811
2022-03-23 16:00:00,739.0,731.5,738.25,735.0,1372,7616
2022-03-23 17:00:00,737.5,734.0,735.25,735.75,913,5320
2022-03-23 18:00:00,738.25,733.25,736.0,733.5,798,5320
2022-03-23 19:00:00,735.25,733.0,733.5,733.5,619,7087
2022-03-24 01:00:00,739.5,733.25,734.5,737.5,266,1250
2022-03-24 02:00:00,738.25,732.0,738.25,735.25,166,743
2022-03-24 03:00:00,734.75,730.5,734.5,730.5,142,854
2022-03-24 04:00:00,730.75,727.75,730.75,729.25,280,1586
2022-03-24 05:00:00,730.75,728.0,729.0,730.5,177,1906
2022-03-24 06:00:00,730.75,729.25,730.5,729.75,38,55
2022-03-24 07:00:00,730.0,727.5,729.5,728.25,120,372
2022-03-24 08:00:00,731.25,728.0,728.25,730.5,134,311
2022-03-24 09:00:00,733.25,730.75,731.5,732.0,69,164
2022-03-24 10:00:00,732.75,731.0,732.25,732.25,98,284
2022-03-24 11:00:00,731.75,729.5,731.75,730.0,78,299
2022-03-24 12:00:00,732.0,728.0,729.75,730.75,174,1179
2022-03-24 13:00:00,735.75,731.0,731.5,732.0,344,1764
2022-03-24 14:00:00,733.5,725.5,732.0,726.75,1999,13945
2022-03-24 15:00:00,730.5,725.25,726.75,730.25,1078,9840
2022-03-24 16:00:00,731.0,725.75,730.25,727.75,1056,5450
2022-03-24 17:00:00,728.75,725.5,727.75,726.5,712,6287
2022-03-24 18:00:00,729.25,725.5,726.75,729.0,564,4438
2022-03-24 19:00:00,729.0,727.5,728.75,727.75,665,7360
2022-03-25 01:00:00,729.75,727.5,728.5,728.0,246,1381
2022-03-25 02:00:00,729.25,727.5,728.0,729.0,91,320
2022-03-25 03:00:00,729.0,726.5,729.0,726.5,78,903
2022-03-25 04:00:00,727.5,726.25,726.25,726.75,75,217
2022-03-25 05:00:00,727.0,726.0,726.75,727.0,24,79
2022-03-25 06:00:00,727.25,726.0,727.0,726.75,47,76
2022-03-25 07:00:00,727.25,725.5,727.0,726.75,70,239
2022-03-25 08:00:00,727.0,724.75,726.75,725.5,217,617
2022-03-25 09:00:00,726.0,723.5,725.5,724.0,204,637
2022-03-25 10:00:00,726.25,724.0,724.25,725.25,99,222
2022-03-25 11:00:00,727.25,725.25,725.5,727.0,73,433
2022-03-25 12:00:00,728.75,726.25,727.25,728.0,239,801
2022-03-25 13:00:00,730.0,727.5,728.0,728.75,191,744
2022-03-25 14:00:00,734.5,728.0,728.5,732.0,1377,7549
2022-03-25 15:00:00,733.0,728.5,732.0,728.75,1169,6198
2022-03-25 16:00:00,733.0,728.75,728.75,732.25,947,4495
2022-03-25 17:00:00,735.0,731.75,732.0,734.0,847,3911
2022-03-25 18:00:00,734.75,731.5,734.25,732.75,726,3268
2022-03-25 19:00:00,735.0,732.5,732.75,734.25,571,6341
2022-03-28 01:00:00,730.75,725.0,729.25,726.5,818,3733
2022-03-28 02:00:00,727.5,725.25,726.25,727.0,225,722
2022-03-28 03:00:00,727.75,726.25,727.25,727.0,76,263
2022-03-28 04:00:00,727.0,726.0,727.0,726.25,91,514
2022-03-28 05:00:00,726.5,725.75,726.25,725.75,22,82
2022-03-28 06:00:00,726.25,724.75,726.0,724.75,224,1060
2022-03-28 07:00:00,725.25,724.5,724.75,725.0,60,210
2022-03-28 08:00:00,725.25,724.0,724.75,725.0,84,332
2022-03-28 09:00:00,726.5,725.0,725.0,726.25,54,109
2022-03-28 10:00:00,726.5,724.0,726.25,724.25,113,279
2022-03-28 11:00:00,725.25,723.75,724.25,724.75,85,387
2022-03-28 12:00:00,725.5,722.0,725.0,723.0,261,1549
2022-03-28 13:00:00,724.75,722.75,723.0,723.0,140,1292
2022-03-28 14:00:00,726.0,721.25,724.0,723.25,2184,10745
2022-03-28 15:00:00,726.75,722.75,723.25,725.5,1156,5674
2022-03-28 16:00:00,728.25,724.5,725.25,727.5,829,3991
2022-03-28 17:00:00,728.25,725.25,727.5,727.0,449,2625
2022-03-28 18:00:00,727.5,725.25,727.0,726.5,640,6098
2022-03-28 19:00:00,731.0,725.5,726.5,728.5,1097,11886
2022-03-29 01:00:00,729.0,726.25,727.5,727.5,170,1062
2022-03-29 02:00:00,728.25,725.75,727.5,726.5,76,187
2022-03-29 03:00:00,726.5,724.75,726.25,726.5,108,629
2022-03-29 04:00:00,726.5,724.75,726.5,725.0,71,198
2022-03-29 05:00:00,725.25,724.5,725.0,725.25,21,57
2022-03-29 06:00:00,726.25,725.0,725.0,725.75,30,79
2022-03-29 07:00:00,726.75,725.5,725.5,725.5,62,186
2022-03-29 08:00:00,727.0,725.5,725.5,726.25,55,117
2022-03-29 09:00:00,727.5,726.0,726.0,726.75,46,157
2022-03-29 10:00:00,727.75,724.25,727.25,725.0,129,521
2022-03-29 11:00:00,725.75,724.5,725.0,725.25,144,835
2022-03-29 12:00:00,727.5,718.0,725.0,718.5,726,5318
2022-03-29 13:00:00,718.25,703.75,718.0,706.5,2047,12506
2022-03-29 14:00:00,708.0,695.5,707.75,697.0,2471,23023
2022-03-29 15:00:00,705.0,696.0,697.0,702.25,3646,25289
2022-03-29 16:00:00,708.25,701.75,702.25,706.5,1718,9589
2022-03-29 17:00:00,708.0,703.75,706.5,704.0,856,5348
2022-03-29 18:00:00,707.25,704.0,704.25,706.75,855,5175
2022-03-29 19:00:00,710.75,706.0,706.75,710.25,955,9508
2022-03-30 01:00:00,713.75,708.5,708.5,712.0,382,1566
2022-03-30 02:00:00,712.5,709.5,712.0,711.5,90,325
2022-03-30 03:00:00,712.5,710.5,711.5,711.0,50,168
2022-03-30 04:00:00,712.0,710.75,710.75,711.75,23,65
2022-03-30 05:00:00,714.0,712.25,712.25,713.25,92,455
2022-03-30 06:00:00,714.0,713.0,713.25,713.5,27,59
2022-03-30 07:00:00,714.25,711.5,713.25,713.0,141,462
2022-03-30 08:00:00,715.25,712.75,713.0,715.25,177,349
2022-03-30 09:00:00,715.25,712.0,715.25,713.75,68,173
2022-03-30 10:00:00,717.25,714.0,714.0,716.25,180,894
2022-03-30 11:00:00,717.5,715.0,716.75,716.0,120,633
2022-03-30 12:00:00,717.25,713.25,716.5,716.0,228,1308
2022-03-30 13:00:00,724.25,715.75,716.25,722.25,644,3153
2022-03-30 14:00:00,729.75,719.0,721.5,728.0,2752,12400
2022-03-30 15:00:00,729.75,726.0,728.0,728.0,2222,12074
2022-03-30 16:00:00,728.25,722.0,727.75,723.25,1138,7013
2022-03-30 17:00:00,725.0,720.25,723.25,720.25,990,4789
2022-03-30 18:00:00,721.5,717.5,720.25,718.0,1282,6182
2022-03-30 19:00:00,721.0,717.0,718.0,719.75,768,6112
2022-03-31 01:00:00,720.75,714.75,720.0,717.75,396,1930
2022-03-31 02:00:00,718.75,717.0,717.25,718.75,93,353
2022-03-31 03:00:00,719.5,717.25,718.75,719.0,89,384
2022-03-31 04:00:00,720.25,718.75,718.75,719.75,42,187
2022-03-31 05:00:00,721.75,718.5,719.5,719.5,86,672
2022-03-31 06:00:00,721.5,718.5,719.75,721.25,71,465
2022-03-31 07:00:00,723.25,720.75,720.75,722.75,81,213
2022-03-31 08:00:00,722.75,719.75,722.25,720.25,66,434
2022-03-31 09:00:00,720.5,718.5,720.25,720.5,97,774
2022-03-31 10:00:00,720.5,718.75,720.5,719.25,90,443
2022-03-31 11:00:00,720.0,719.0,719.5,719.25,80,742
2022-03-31 12:00:00,721.25,719.5,719.5,720.25,84,617
2022-03-31 13:00:00,724.25,720.0,720.0,723.0,299,1547
2022-03-31 14:00:00,727.0,722.25,723.0,723.5,1649,7892
2022-03-31 15:00:00,725.0,719.75,723.5,719.75,1767,14850
2022-03-31 16:00:00,722.25,718.0,719.75,719.5,1826,11313
2022-03-31 17:00:00,753.0,719.75,719.75,733.0,9657,67877
2022-03-31 18:00:00,733.75,728.0,732.75,733.0,1752,10099
2022-03-31 19:00:00,736.75,731.5,733.25,731.5,2024,15421
2022-04-01 01:00:00,736.5,725.0,733.0,732.5,546,3244
2022-04-01 02:00:00,733.5,730.75,732.75,732.0,115,478
2022-04-01 03:00:00,732.5,730.75,731.75,731.25,59,281
2022-04-01 04:00:00,731.5,729.25,731.0,729.25,50,514
2022-04-01 05:00:00,729.75,728.0,729.25,728.0,53,179
2022-04-01 06:00:00,728.25,725.0,727.75,725.0,74,539
2022-04-01 07:00:00,728.0,725.25,725.75,727.0,102,310
2022-04-01 08:00:00,726.25,722.5,726.25,725.0,195,1050
2022-04-01 09:00:00,728.75,724.5,725.5,727.75,119,622
2022-04-01 10:00:00,731.0,728.0,728.25,729.75,145,565
2022-04-01 11:00:00,733.0,730.0,730.0,731.75,97,648
2022-04-01 12:00:00,732.25,729.0,731.25,730.5,156,982
2022-04-01 13:00:00,731.5,727.0,730.75,730.75,272,8597
2022-04-01 14:00:00,731.75,722.0,730.5,724.0,2705,22756
2022-04-01 15:00:00,727.25,718.25,723.75,722.5,3355,22699
2022-04-01 16:00:00,732.5,722.0,722.5,728.25,2092,16036
2022-04-01 17:00:00,728.5,722.25,728.5,723.5,1430,11673
2022-04-01 18:00:00,726.0,722.5,723.75,723.5,1395,11158
2022-04-01 19:00:00,724.25,720.25,723.5,720.25,1140,14309
2022-04-04 01:00:00,728.5,722.75,724.25,726.75,461,3277
2022-04-04 02:00:00,728.25,726.0,726.5,728.25,122,776
2022-04-04 03:00:00,731.0,728.25,728.25,730.0,96,764
2022-04-04 04:00:00,732.25,729.75,730.25,731.25,93,534
2022-04-04 05:00:00,732.0,730.5,732.0,731.0,25,65
2022-04-04 06:00:00,734.0,731.25,731.5,733.75,82,426
2022-04-04 07:00:00,734.5,732.5,733.75,734.5,63,324
2022-04-04 08:00:00,734.75,732.75,734.25,733.5,95,424
2022-04-04 09:00:00,735.5,733.25,733.25,735.5,174,728
2022-04-04 10:00:00,735.25,730.0,735.0,731.0,223,1820
2022-04-04 11:00:00,733.0,731.0,731.25,733.0,79,425
2022-04-04 12:00:00,734.25,732.25,732.75,734.0,185,732
2022-04-04 13:00:00,735.75,734.0,734.0,735.25,307,1698
2022-04-04 14:00:00,739.75,730.5,737.0,731.25,2636,22506
2022-04-04 15:00:00,737.75,731.0,731.0,735.75,1814,12573
2022-04-04 16:00:00,738.0,731.5,735.75,733.5,1424,8571
2022-04-04 17:00:00,733.75,731.25,733.5,732.75,1169,7301
2022-04-04 18:00:00,738.0,733.0,733.0,737.75,1346,7902
2022-04-04 19:00:00,740.5,737.5,737.75,738.25,1231,15742
2022-04-05 01:00:00,745.0,738.25,739.25,744.0,507,2715
2022-04-05 02:00:00,745.0,743.75,744.0,744.5,76,391
2022-04-05 03:00:00,745.5,743.25,744.5,743.25,108,492
2022-04-05 04:00:00,744.5,743.0,743.5,744.0,38,176
2022-04-05 05:00:00,744.0,743.25,744.0,744.0,14,29
2022-04-05 06:00:00,745.0,743.0,744.25,743.0,31,113
2022-04-05 07:00:00,743.75,742.0,743.25,743.5,38,168
2022-04-05 08:00:00,744.0,742.0,744.0,743.75,96,346
2022-04-05 09:00:00,744.75,742.25,743.75,742.75,117,328
2022-04-05 10:00:00,747.25,743.0,743.0,747.25,186,1090
2022-04-05 11:00:00,750.0,746.25,747.25,749.75,206,1754
2022-04-05 12:00:00,750.0,745.0,749.5,746.0,232,1196
2022-04-05 13:00:00,749.75,744.75,746.0,748.75,352,2657
2022-04-05 14:00:00,755.5,746.75,749.0,752.75,3714,21111
2022-04-05 15:00:00,754.25,746.5,752.75,747.75,2836,20349
2022-04-05 16:00:00,749.0,745.5,747.5,746.5,1976,9911
2022-04-05 17:00:00,751.25,745.0,746.5,750.75,1599,20808
2022-04-05 18:00:00,753.0,750.25,750.75,751.5,1484,7453
2022-04-05 19:00:00,751.5,748.0,751.25,748.75,1063,14711
2022-04-06 01:00:00,748.0,744.75,747.75,745.25,385,1952
2022-04-06 02:00:00,745.75,744.0,745.25,744.75,230,1143
2022-04-06 03:00:00,748.0,744.75,744.75,748.0,143,657
2022-04-06 04:00:00,749.5,747.75,748.25,748.75,147,655
2022-04-06 05:00:00,749.0,748.5,748.75,748.75,40,94
2022-04-06 06:00:00,749.0,747.25,748.75,747.25,76,222
2022-04-06 07:00:00,748.0,746.0,747.5,746.25,140,855
2022-04-06 08:00:00,746.75,745.25,746.25,746.0,171,1204
2022-04-06 09:00:00,748.0,745.0,746.25,747.25,109,1846
2022-04-06 10:00:00,747.5,746.0,747.25,746.75,91,794
2022-04-06 11:00:00,746.5,743.5,746.5,744.75,171,1236
2022-04-06 12:00:00,744.75,739.25,744.75,739.5,330,2623
2022-04-06 13:00:00,745.0,739.25,739.5,745.0,300,2619
2022-04-06 14:00:00,748.0,742.75,745.0,748.0,1749,10446
2022-04-06 15:00:00,750.75,743.25,748.0,743.5,2309,14233
2022-04-06 16:00:00,744.5,740.75,743.75,743.75,1451,6942
2022-04-06 17:00:00,747.0,742.0,743.75,747.0,1268,8713
2022-04-06 18:00:00,747.0,743.5,746.75,744.0,1173,10035
2022-04-06 19:00:00,747.75,742.25,743.75,745.75,1350,15754
2022-04-07 01:00:00,746.25,743.5,746.0,745.5,254,2130
2022-04-07 02:00:00,749.25,745.25,745.5,748.75,217,941
2022-04-07 03:00:00,748.75,747.5,748.75,748.25,82,256
2022-04-07 04:00:00,748.5,747.75,748.0,748.0,31,95
2022-04-07 05:00:00,749.0,747.5,748.25,748.5,40,121
2022-04-07 06:00:00,748.75,746.75,748.75,747.25,49,144
2022-04-07 07:00:00,748.25,747.0,747.25,747.5,38,106
2022-04-07 08:00:00,749.5,747.25,747.25,747.75,77,299
2022-04-07 09:00:00,747.5,744.5,747.5,745.75,99,1084
2022-04-07 10:00:00,747.0,745.25,746.25,746.0,101,415
2022-04-07 11:00:00,747.0,745.25,746.0,745.75,90,649
2022-04-07 12:00:00,747.0,744.25,745.5,745.5,218,1542
2022-04-07 13:00:00,745.5,743.0,745.5,744.25,189,2871
2022-04-07 14:00:00,747.25,742.0,744.25,743.25,2180,17893
2022-04-07 15:00:00,744.75,740.5,743.25,744.25,2425,18850
2022-04-07 16:00:00,747.5,744.25,744.25,746.5,1466,13858
2022-04-07 17:00:00,748.25,746.0,746.5,748.25,940,12177
2022-04-07 18:00:00,750.75,747.5,748.25,749.75,1714,21951
2022-04-07 19:00:00,751.0,749.5,749.75,750.25,1024,27638
2022-04-08 01:00:00,751.0,748.5,749.0,750.75,412,1836
2022-04-08 02:00:00,751.0,749.25,750.5,750.0,103,427
2022-04-08 03:00:00,750.0,748.75,749.5,749.25,49,112
2022-04-08 04:00:00,749.5,748.25,749.0,749.5,30,186
2022-04-08 05:00:00,750.0,749.25,749.5,749.5,18,30
2022-04-08 06:00:00,751.0,749.0,749.25,750.75,59,209
2022-04-08 07:00:00,751.0,749.25,750.5,749.75,44,137
2022-04-08 08:00:00,750.25,747.75,750.0,749.25,74,324
2022-04-08 09:00:00,749.25,747.5,749.25,748.0,132,478
2022-04-08 10:00:00,748.25,746.25,748.25,746.75,126,967
2022-04-08 11:00:00,747.75,745.5,747.0,747.75,115,1341
2022-04-08 12:00:00,751.75,747.75,747.75,751.25,283,1940
2022-04-08 13:00:00,754.75,751.25,751.5,753.25,409,3254
2022-04-08 14:00:00,758.5,753.0,754.0,758.25,2257,14239
2022-04-08 15:00:00,759.5,755.5,758.25,757.5,2622,16432
2022-04-08 16:00:00,761.0,757.5,757.5,759.0,2380,19332
2022-04-08 17:00:00,764.0,748.5,759.0,761.0,3317,28562
2022-04-08 18:00:00,762.25,757.5,761.0,759.0,1531,11471
2022-04-08 19:00:00,762.75,758.5,759.0,759.75,1391,30863
2022-04-11 01:00:00,764.0,757.75,759.0,763.0,719,6355
2022-04-11 02:00:00,764.75,761.25,762.75,764.25,341,2554
2022-04-11 03:00:00,765.75,763.25,764.75,764.75,279,1044
2022-04-11 04:00:00,764.75,763.0,764.75,763.75,130,568
2022-04-11 05:00:00,766.0,763.5,763.5,765.75,78,498
2022-04-11 06:00:00,765.5,763.5,765.5,764.25,114,8317
2022-04-11 07:00:00,766.75,764.0,764.25,766.5,140,702
2022-04-11 08:00:00,767.0,764.75,766.75,765.75,254,1051
2022-04-11 09:00:00,767.0,764.75,766.0,767.0,185,1224
2022-04-11 10:00:00,767.5,765.75,766.75,767.25,64,504
2022-04-11 11:00:00,767.5,764.75,767.0,766.5,115,843
2022-04-11 12:00:00,768.75,765.5,766.75,765.5,300,1654
2022-04-11 13:00:00,768.75,765.5,765.5,768.25,234,2225
2022-04-11 14:00:00,770.75,762.25,768.25,764.0,2459,24584
2022-04-11 15:00:00,768.25,762.25,764.0,764.25,1846,17736
2022-04-11 16:00:00,765.5,761.0,764.0,763.0,1093,7703
2022-04-11 17:00:00,763.0,755.5,762.75,755.5,1395,14839
2022-04-11 18:00:00,758.0,755.5,755.75,757.75,1094,12434
2022-04-11 19:00:00,759.5,757.25,757.75,759.25,1049,30505
2022-04-12 01:00:00,764.0,759.5,760.0,762.5,415,3110
2022-04-12 02:00:00,764.0,762.0,763.0,763.0,159,1325
2022-04-12 03:00:00,766.0,763.0,763.0,765.5,169,848
2022-04-12 04:00:00,766.25,765.25,765.5,766.0,83,297
2022-04-12 05:00:00,767.5,765.75,766.0,767.0,130,379
2022-04-12 06:00:00,767.25,766.0,766.75,767.0,78,436
2022-04-12 07:00:00,767.5,766.25,767.0,767.25,84,376
2022-04-12 08:00:00,767.5,765.75,767.0,766.25,84,221
2022-04-12 09:00:00,766.5,764.0,766.25,766.25,181,1127
2022-04-12 10:00:00,768.0,765.75,766.5,767.25,216,863
2022-04-12 11:00:00,769.5,767.25,767.25,767.75,223,1553
2022-04-12 12:00:00,768.25,766.5,768.0,767.5,278,7070
2022-04-12 13:00:00,767.75,765.0,767.5,766.25,325,3012
2022-04-12 14:00:00,773.5,766.25,766.75,770.0,2845,19162
2022-04-12 15:00:00,772.0,767.25,770.25,770.25,2504,18832
2022-04-12 16:00:00,773.5,769.75,770.25,771.5,1870,16045
2022-04-12 17:00:00,773.0,770.75,771.5,771.5,1188,6438
2022-04-12 18:00:00,772.75,770.5,771.5,772.0,1374,19431
2022-04-12 19:00:00,773.25,770.75,772.0,771.0,1086,24162
2022-04-13 01:00:00,771.25,768.75,771.25,769.5,383,10495
2022-04-13 02:00:00,769.5,767.75,769.5,768.5,128,799
2022-04-13 03:00:00,770.0,768.0,768.5,769.75,91,429
2022-04-13 04:00:00,769.75,767.75,769.75,768.0,63,246
2022-04-13 05:00:00,768.25,767.75,768.25,768.0,35,117
2022-04-13 06:00:00,768.75,767.25,767.75,768.25,81,240
2022-04-13 07:00:00,768.5,767.5,768.5,767.75,282,1029
2022-04-13 08:00:00,768.25,766.75,767.5,768.0,360,2040
2022-04-13 09:00:00,769.0,767.75,767.75,768.5,200,1448
2022-04-13 10:00:00,772.0,768.0,768.5,771.5,307,2042
2022-04-13 11:00:00,772.0,769.75,771.5,769.75,189,1164
2022-04-13 12:00:00,772.0,769.25,769.75,771.5,314,1327
2022-04-13 13:00:00,772.0,767.5,771.75,769.0,311,2761
2022-04-13 14:00:00,771.5,763.5,769.75,765.0,2525,31850
2022-04-13 15:00:00,768.0,764.25,764.75,767.75,1578,13725
2022-04-13 16:00:00,773.75,767.0,767.75,771.5,2069,17643
2022-04-13 17:00:00,772.5,769.0,771.75,771.25,1084,11115
2022-04-13 18:00:00,779.5,771.0,771.25,778.75,2038,32442
2022-04-13 19:00:00,779.25,777.25,778.75,778.25,1184,23099
2022-04-14 01:00:00,780.0,775.25,777.75,780.0,593,3687
2022-04-14 02:00:00,780.5,778.5,780.0,780.5,233,913
2022-04-14 03:00:00,781.25,780.0,780.25,780.5,146,977
2022-04-14 04:00:00,781.5,779.75,780.5,779.75,118,409
2022-04-14 05:00:00,780.5,779.25,779.75,779.75,56,209
2022-04-14 06:00:00,780.75,778.5,779.75,779.0,115,803
2022-04-14 07:00:00,780.0,778.5,779.0,779.25,128,409
2022-04-14 08:00:00,779.5,777.0,779.25,777.5,277,1095
2022-04-14 09:00:00,780.0,777.5,777.75,779.5,176,884
2022-04-14 10:00:00,781.25,779.0,779.5,780.25,287,1006
2022-04-14 11:00:00,782.0,779.0,780.25,781.75,344,2283
2022-04-14 12:00:00,783.0,780.0,781.5,781.0,363,1555
2022-04-14 13:00:00,781.5,779.25,781.25,779.75,342,2888
2022-04-14 14:00:00,781.0,775.25,779.25,777.5,2210,16060
2022-04-14 15:00:00,785.75,775.5,777.5,783.25,2382,22469
2022-04-14 16:00:00,785.25,776.25,783.0,780.0,2233,14766
2022-04-14 17:00:00,783.0,779.0,780.0,782.5,1336,6187
2022-04-14 18:00:00,786.0,781.0,782.25,784.5,1595,13536
2022-04-14 19:00:00,785.0,783.25,784.75,784.5,1071,14204
